{"cameraMode":{"drawMode":0,"name":"Shaded","section":"Shading Mode"},"sceneLighting":true,"audioPlay":false,"sceneViewState":{"showFog":true,"showMaterialUpdate":false,"showSkybox":true,"showFlares":true,"showImageEffects":true,"showParticleSystems":true},"in2DMode":false,"pivot":{"x":0.6343073844909668,"y":2.8157615661621095,"z":1.0172127485275269},"rotation":{"x":-0.09800862520933151,"y":0.6599238514900208,"z":-0.08741946518421173,"w":-0.7397865653038025},"size":1.1491270065307618,"orthographic":false}